id,name,websiteUrl,category
cm8ng8qib0006phzyhzm8ymio,Midjourney,https://www.midjourney.com,Génération d'images
cm8ng8qis0007phzy6a667ri0,DALL-E 3,https://openai.com/dall-e-3,Génération d'images
cm8ng8qj90008phzylxrrdztk,Runway,https://runwayml.com,Édition vidéo
cm8ng8qjs0009phzyi3ibre2u,Descript,https://www.descript.com,Montage automatique
cm8ng8qk6000aphzybyzlgiw1,Stable Diffusion,https://stability.ai,Génération d'images
cm8ng8qkk000bphzy3qjq1t06,Pika Labs,https://www.pika.art,Édition vidéo
cm8ng8qkz000cphzyjbc1zinm,ElevenLabs,https://elevenlabs.io,Traitement audio
cm8ng8qlf000dphzye1hdg2a4,Synthesia,https://www.synthesia.io,Animation
cm8ng8qlt000ephzyasnlcncj,Adobe Podcast,https://podcast.adobe.com,Traitement audio
cm8ng8qma000fphzy9gzza974,D-ID,https://www.d-id.com,Animation
cm8ng8qmq000gphzyvl8wfiv2,Max Media,https://www.max-media.ai,Génération d'images
cm8ng8qn5000hphzyxmzum8n0,Flux Voice,https://www.flux-voice.ai,Traitement audio
cm8ng8qno000iphzyh8ry9igw,Pro Frame,https://www.pro-frame.ai,Édition vidéo
cm8ng8qo8000jphzyat2inh4q,Synth Frame,https://www.synth-frame.ai,Génération d'images
cm8ng8qou000kphzyclw2ecpy,Flux Motion,https://www.flux-motion.ai,Édition vidéo
cm8ng8qpf000lphzyaaww9q57,AI Pic,https://www.ai-pic.ai,Effets spéciaux
cm8ng8qpu000mphzy01ssx610,Creator Video,https://www.creator-video.ai,Édition vidéo
cm8ng8qqa000nphzysqjzc5k0,Flux Visual,https://www.flux-visual.ai,Traitement audio
cm8ng8qqs000ophzysm6yer50,AI Voice,https://www.ai-voice.ai,Édition vidéo
cm8ng8qrb000pphzygxjz97bo,Neural Visual,https://www.neural-visual.ai,Animation
cm8ng8qrv000qphzy1v8g4djs,Synth Motion,https://www.synth-motion.ai,Effets spéciaux
cm8ng8qsc000rphzy1ur1e6j9,Max Sound,https://www.max-sound.ai,Effets spéciaux
cm8ng8qso000sphzy3xi8pwe3,Smart Audio,https://www.smart-audio.ai,Montage automatique
cm8ng8qt6000tphzysue6dlv2,Smart Voice,https://www.smart-voice.ai,Édition vidéo
cm8ng8qvg000uphzyilbp7l1j,AI Video,https://www.ai-video.ai,Génération d'images
cm8ng8qwj000vphzys9bvv18a,Ultra Voice,https://www.ultra-voice.ai,Traitement audio
cm8ng8qxg000wphzyybyteq62,Creator Media,https://www.creator-media.ai,Effets spéciaux
cm8ng8qxq000xphzyex56l7lw,Neural Media,https://www.neural-media.ai,Traitement audio
cm8ng8qy2000yphzyem93sq9s,Creator Pic,https://www.creator-pic.ai,Édition vidéo
cm8ng8qyc000zphzycgxjj58z,Ultra Media,https://www.ultra-media.ai,Effets spéciaux
cm8ng8qym0010phzy5v30i4ai,Vision Frame,https://www.vision-frame.ai,Animation
cm8ng8qyz0011phzyzg7uu7ma,Synth Sound,https://www.synth-sound.ai,Édition vidéo
cm8ng8qzb0012phzyggoydic1,Pro Pic,https://www.pro-pic.ai,Édition vidéo
cm8ng8qzl0013phzyo4kg08n1,Auto Scene,https://www.auto-scene.ai,Traitement audio
cm8ng8qzz0014phzyca7xkmsz,Vision Pic,https://www.vision-pic.ai,Montage automatique
cm8ng8r0g0015phzy9ya036en,Ultra Image,https://www.ultra-image.ai,Traitement audio
cm8ng8r0u0016phzyk4ik28ce,Ultra Studio,https://www.ultra-studio.ai,Génération d'images
cm8ng8r1j0018phzypy5wn39f,Vision Visual,https://www.vision-visual.ai,Édition vidéo
cm8ng8r1t0019phzy3c5gohyo,AI Scene,https://www.ai-scene.ai,Effets spéciaux
cm8ng8r24001aphzyouohj3zq,Gen Visual,https://www.gen-visual.ai,Animation
cm8ng8r2e001bphzy9n15go5q,Gen Media,https://www.gen-media.ai,Génération d'images
cm8ng8r2q001cphzyjlxs37xm,Gen Voice,https://www.gen-voice.ai,Effets spéciaux
cm8ng8r33001dphzy77ch3t4e,Gen Image,https://www.gen-image.ai,Édition vidéo
cm8ng8r4m001gphzyyi8fasri,Auto Voice,https://www.auto-voice.ai,Montage automatique
cm8ng8r4y001hphzyd5l4jmc6,Deep Pic,https://www.deep-pic.ai,Montage automatique
cm8ng8r5b001iphzyb42jo571,Ultra Sound,https://www.ultra-sound.ai,Génération d'images
cm8ng8r5n001jphzyu97zvw3n,AI Frame,https://www.ai-frame.ai,Montage automatique
cm8nt3mn50001kprbly0p6xw2,Genmo,https://alpha.genmo.ai/,Vidéo IA
cm8nt3mo40002kprbe86ngfw3,Colourlab,https://www.colourlab.ai/,Vidéo IA
cm8nt3mp10003kprblywheibx,Rotorvideos,https://rotorvideos.com/,Vidéo IA
cm8nt3mq80004kprbxicem4pt,Vidds,https://vidds.co/tools/ai-video-generator/,Édition vidéo
cm8nt3mqz0005kprbml9wsuoz,Augxlabs,https://www.augxlabs.com/,Vidéo IA
cm8nt3msd0006kprbg1xmbeuk,Decoherence,https://www.decoherence.co/,Vidéo IA
cm8nt3mt80007kprbwmzoixfa,Talkingavatar,https://www.talkingavatar.ai/,Édition vidéo
cm8nt3muc0008kprb03nl1ckx,Vidnoz,https://www.vidnoz.com/?a_aid=654557d876632,Vidéo IA
cm8nt3mvj0009kprblv9mq0oe,Nvidia,https://www.nvidia.com/en-us/omniverse/apps/audio2face/,Vidéo IA
cm8nt3mwg000akprbab7rduoi,Videoask,https://videoask.com,Vidéo IA
cm8nt3mxj000bkprb7rb83fu6,Scripai,https://scripai.com/,Édition vidéo
cm8nt3mz7000ckprbmz803l6e,Maekersuite,https://maekersuite.com/,Vidéo IA
cm8nt3n0x000dkprblue4jk9s,Wavel,https://wavel.ai/,Vidéo IA
cm8nt3n24000ekprb45rzhy3s,Podcut,https://podcut.io/,Édition vidéo
cm8nt3n3m000fkprbc7gach1s,Videogen,https://videogen.io?via=topai,Vidéo IA
cm8nt3n4n000gkprbrxybes78,Twinsync,https://twinsync.xyz/,Vidéo IA
cm8nt3n5m000hkprb97excd25,Pdfgpt,https://pdfgpt.io/,Vidéo IA
cm8nt3n6j000ikprbvboy13hc,Creatify,https://creatify.ai/,Vidéo IA
cm8nt3n78000jkprbsgrqt3ui,Animanic,https://www.animanic.site/,Vidéo IA
cm8nt3n8v000kkprbz0y46ynd,Xpressioncamera,https://xpressioncamera.com/,Vidéo IA
cm8nt3nat000lkprbmvqugj96,Celebu,https://celebu.co,Vidéo IA
cm8nt3nc9000mkprb7px48jkn,Stork,https://www.stork.ai/call-my-link,Vidéo IA
cm8nt3nd5000nkprbgg9iii1x,Hitpaw,https://www.hitpaw.com/ai-photo-video-maker-app.html,Édition vidéo
cm8nt3neg000okprbo1qnawyb,Goenhance,https://www.goenhance.ai,Édition vidéo
cm8nt3nf8000pkprbyye7twu1,Zoomscape,https://zoomscape.ai/,Vidéo IA
cm8nt3nga000qkprb8ma5vh3v,Leiapix,https://convert.leiapix.com/,Vidéo IA
cm8nt3ngz000rkprb6jzm5ffs,Oscarstories,https://oscarstories.com/,Vidéo IA
cm8nt3nhw000skprbw9fd9xbd,Clueso,https://www.clueso.io/,Vidéo IA
cm8nt3nj9000tkprbk9tghct1,Spreading,https://feedeo.spreading.ai/,Vidéo IA
cm8nt3nkh000ukprbxy94sv7l,Boolv,https://boolv.video/,Vidéo IA
cm8nt3nl6000vkprbuwcex773,Vplate,https://vplate.io,Vidéo IA
cm8nt3nm1000wkprb8h9q88qm,Github,https://github.com/modelscope/motionagent,Vidéo IA
cm8nt3nn1000xkprbygbofps3,Gliacloud,https://www.gliacloud.com/en/,Vidéo IA
cm8nt3npk000ykprb0p3yb2zk,Movio,https://demo.movio.la/ai-valentine,Vidéo IA
cm8nt3nrx000zkprb3q9nmypi,Chopcast,https://chopcast.io/,Édition vidéo
cm8nt3ntr0010kprb1xl1wxac,Wisecut,https://www.wisecut.video/,Édition vidéo
cm8nt3nuj0011kprbk3qcoyff,Gling,https://www.gling.ai/,Édition vidéo
cm8nt3nv40012kprbolr1uz64,Neuralframes,https://www.neuralframes.com/,Vidéo IA
cm8nt3nvy0013kprbmh0eut9b,Wishesai,https://wishesai.com/,Vidéo IA
cm8nt3nwt0014kprbzb6of4pt,Makeavideo,https://makeavideo.studio/,Vidéo IA
cm8nt3nxk0015kprbbqx3hnl4,Sendpotion,https://sendpotion.com,Vidéo IA
cm8nt3nya0016kprb5q7lxvnu,Rokoko,https://www.rokoko.com/,Vidéo IA
cm8nt3o070017kprb1xj7uvxp,Animaker,https://www.animaker.com/subtitle-generator,Vidéo IA
cm8nt3o1m0018kprbxahi646k,Spotterstudio,https://www.spotterstudio.com/,Vidéo IA
cm8nt3o2x0019kprbxsdrve4d,Choppity,https://choppity.com/,Édition vidéo
cm8nt3o4b001akprbwbkhlzck,Blitztoksai,https://www.blitztoksai.com/,Vidéo IA
cm8nt3o5a001bkprbll4gmn39,Flowjin,https://www.flowjin.com/,Vidéo IA
cm8nt3o6b001ckprbxgujgji3,Lovelines,https://lovelines.xyz/,Vidéo IA
cm8nt3o7l001dkprbzr7g628t,Lumen5,https://lumen5.com/,Vidéo IA
cm8nt3o8e001ekprb7n29unu5,Pictory,https://pictory.ai?ref=wael96,Vidéo IA
cm8nt3o8v001fkprb7lwt7txy,Wondershare,https://virbo.wondershare.com/,Édition vidéo
cm8nt3o9o001gkprb81zs1lns,Invideo,https://invideo.io/,Vidéo IA
cm8nt3obb001hkprbmzhjkkvl,Clipfly,https://www.clipfly.ai/ai-video-generator,Édition vidéo
cm8nt3oci001ikprbjq5ejuun,Vidyo,https://vidyo.ai/,Vidéo IA
cm8nt3odm001jkprb59t2dcbh,Alkaidvision,https://chromox.alkaidvision.com/,Vidéo IA
cm8nt3oei001kkprb2kdx5mkf,Createaivideos,https://www.createaivideos.com/,Vidéo IA
cm8nt3ofa001lkprbet4ruhtq,Dubify,https://dubify.app/,Vidéo IA
cm8ntp4300004kpz3h7jhqdn7,Lumiere3d,https://www.lumiere3d.ai/,Outils vidéo
cm8ntp4440005kpz39rvam5td,Veed,https://www.veed.io/,Édition vidéo
cm8ntp4550006kpz318f8xzvv,Dealify,https://www.dealify.com/flexclip/?deal=topaitools,Édition vidéo
cm8ntp46e0007kpz3uxn3w7hq,Adobe,https://labs.adobe.com/projects/blink/,Édition vidéo
cm8ntp47v0008kpz3ra5hsyaq,Autocut,https://www.autocut.fr/en/,Édition vidéo
cm8ntp4am0009kpz3o2brn1jx,Bigmp4,https://bigmp4.com/,Édition vidéo
cm8ntp4da000akpz32ugytrtz,Dvdfab,https://www.dvdfab.cn/enlarger-ai.htm,Édition vidéo
cm8ntp4ee000bkpz3t0ddsgk6,Eyeq,https://eyeq.photos/automatic-ai-video-enhancement/,Édition vidéo
cm8ntp4g4000ckpz39mb1l98g,Wannafake,https://wannafake.com,Édition vidéo
cm8ntp4gw000dkpz3oauo9tnh,Firecut,https://firecut.ai/,Édition vidéo
cm8ntp4i6000ekpz3jtraxoir,Videoleapapp,https://www.videoleapapp.com/,Édition vidéo
cm8ntp4jz000fkpz3gawvopm6,Videosilenceremover,https://www.videosilenceremover.com/,Édition vidéo
cm8ntp4n5000gkpz3k3ibmrka,Heygen,https://heygen.com/?sid=rewardful,Génération de vidéo
cm8ntp4ny000hkpz3mgd9bqf6,Fliki,https://fliki.ai?via=topai-tools,Génération de vidéo
cm8ntp4pf000ikpz3wgf3ssyd,Supercreator,https://www.supercreator.ai/,Génération de vidéo
cm8ntp4rq000jkpz34cpy3ple,Colossyan,https://www.colossyan.com/?via=topai,Génération de vidéo
cm8ntp4sr000kkpz3do35xint,Kaiber,https://kaiber.ai/,Génération de vidéo
cm8ntp4tf000lkpz30sngpfhe,Rawshorts,https://www.rawshorts.com/,Génération de vidéo
cm8ntp4yq000mkpz378aeb4sp,Tavus,https://www.tavus.io/,Génération de vidéo
cm8ntp527000nkpz3hcjdxdu9,Waymark,https://waymark.com/,Outils vidéo
cm8ntp53m000okpz3q29ts79x,Autodraft,https://autodraft.in/,Génération de vidéo
cm8ntp54i000pkpz325mecy7e,Blur on,https://blur-on.com/en,Édition vidéo
cm8ntp55s000qkpz30s2s0vpq,Topazlabs,https://www.topazlabs.com/topaz-video-ai,Édition vidéo
cm8ntp57d000rkpz3hsednf72,Latte,https://latte.social/,Édition vidéo
cm8ntp59i000skpz35q0wehox,Captions,https://www.captions.ai/,Édition vidéo
cm8ntp5c7000tkpz3hkwq6dec,Shuffll,https://shuffll.com/,Génération de vidéo
cm8ntp5du000ukpz3nppgl1ye,Framedrop,https://www.framedrop.gg/,Outils vidéo
cm8ntp5ey000vkpz3m6el0n2u,Vizard,https://vizard.ai/,Édition vidéo
cm8ntp5hj000wkpz3og98bprx,Flawlessai,https://www.flawlessai.com/,Outils vidéo
cm8ntp5jg000xkpz30a0by8bm,Qlip,https://www.qlip.ai/,Édition vidéo
cm8ntp5kx000ykpz3mw5yukx4,Quickvid,https://www.quickvid.ai/,Édition vidéo
cm8ntp5lq000zkpz34buae6qm,Phenaki,https://phenaki.video/,Génération de vidéo
cm8ntp5mm0010kpz3gqo6p1rq,Alethea,https://alethea.ai/,Génération de vidéo
cm8ntp5o40011kpz31i0ub96m,Elai,https://elai.io/,Génération de vidéo
cm8ntp5pc0012kpz3wl9k0lzp,Openai,https://openai.com/sora,Texte-en-vidéo
cm8ntp5qs0013kpz3fqzqrc5r,Idomoo,https://www.idomoo.ai,Texte-en-vidéo
cm8ntp5sz0014kpz34akix021,Woxo,https://woxo.tech/vidgpt,Outils vidéo
cm8ntp5tx0015kpz3dgfn1d4x,Deepshot,https://www.deepshot.ai/,Outils vidéo
cm8ntp5ur0016kpz312hiybbw,Bhuman,https://www.bhuman.ai//,Vidéos personnalisées
cm8ntp5vm0017kpz3e9olgclg,Windsor,https://windsor.io,Vidéos personnalisées
cm8ntp5wu0018kpz3sfj927cs,Spikes,https://spikes.studio/,Édition vidéo
cm8ntp5xt0019kpz3eb7f6m35,Wowto,https://wowto.ai/,Génération de vidéo
cm8ntp5yl001akpz3cl9h6got,Deepbrain,https://www.deepbrain.io/aistudios,Texte-en-vidéo
cm8ntp5ze001bkpz3gcqgg8e8,Replicate,https://replicate.com/google-research/frame-interpolation,Génération de vidéo
cm8ntp60c001ckpz39uijz7pp,Twelvelabs,https://twelvelabs.io/,Outils vidéo
cm8ntp61o001dkpz3fw7st80w,Unscreen,https://www.unscreen.com/,Édition vidéo
cm8ntp634001ekpz3wbg592to,Morise,https://morise.ai/,Génération de vidéo
cm8ntp64u001fkpz3h2k0ajm6,Motionbear,https://motionbear.io/,Édition vidéo
cm8ntp65n001gkpz3mfeou7ir,Happysrt,https://www.happysrt.com,Outils vidéo
cm8ntp674001hkpz3u41vgdu5,Slicetube,https://www.slicetube.io/,Édition vidéo
cm8ntp69l001ikpz32aco02db,Quinv,https://www.quinv.io/ai,Génération de vidéo
cm8ntp6b8001jkpz3ebfxfd8m,Vidboard,https://vidboard.ai/,Génération de vidéo
cm8ntp6ci001kkpz3qjjd6sej,Nextthreebooks,https://www.nextthreebooks.com/,Vidéos personnalisées
cm8ntp6dc001lkpz3gg0yz99o,Deepfakesweb,https://deepfakesweb.com/,Génération de vidéo
cm8ntp6er001mkpz3sxqsay9m,Affirmations ai,https://www.affirmations-ai.com,Vidéos personnalisées
cm8ntp6fp001nkpz3nn88k3vt,Aihug,https://aihug.ai,Vidéos personnalisées
cm8ntp6gk001okpz3rmh6j477,Immersive fox,https://www.immersive-fox.com,Vidéos personnalisées
cm8ntp6hl001pkpz3oew7tyod,Getcinematic,https://getcinematic.com/,Vidéos personnalisées
cm8ntp6j3001qkpz33eqrucu0,Sendfame,https://sendfame.com,Vidéos personnalisées
cm8ntp6k7001rkpz3466caaqq,Celebrateally,https://www.celebrateally.com,Vidéos personnalisées
cm8ntp6kw001skpz38xsvida8,Getsalemaker,https://getsalemaker.com,Vidéos personnalisées
cm8ntp6lj001tkpz3vke95m9j,Personaliz,https://personaliz.ai,Vidéos personnalisées
cm8ntp6m8001ukpz3u8dkness,Arcanavibes,https://www.arcanavibes.com,Vidéos personnalisées
cm8ntp6n0001vkpz3x7elwxt3,Tarotrealista,https://tarotrealista.com,Vidéos personnalisées
cm8ntp6o5001wkpz3tefdgg4u,Prayer for,https://prayer-for.com/,Vidéos personnalisées
cm8ntp6p0001xkpz33yq7hsvq,Sleepytales,https://sleepytales.ai,Vidéos personnalisées
cm8ntp6q4001ykpz3oxn0or3l,Aikiss,https://aikiss.ai/,Vidéos personnalisées
cm8ntp6r8001zkpz3ye19ahfx,Unscript,https://www.unscript.ai/ai-avatars,Vidéos personnalisées
cm8ntp6ru0020kpz3ubo7wu2z,Kidzbook,https://kidzbook.ai,Vidéos personnalisées
cm8ntp6sm0021kpz3dst32zfl,Getjibjab,https://www.getjibjab.com,Vidéos personnalisées
cm8ntp6t90022kpz32p1b36d1,Moodwishes,https://moodwishes.com,Vidéos personnalisées
cm8ntp6ur0023kpz3ukhjxmnj,Supatale,https://supatale.com,Vidéos personnalisées
cm8ntp6w40024kpz3qhva2bxr,Findmeagift,https://www.findmeagift.ai,Vidéos personnalisées
cm8ntp6x80025kpz3k1singro,Photolapseai,https://photolapseai.com,Vidéos personnalisées
cm8ntp6z10026kpz3nlz5tr77,Losefatwithai,https://www.losefatwithai.com,Vidéos personnalisées
cm8ntp6zy0027kpz3q6vj5a5a,Kikobook,https://kikobook.com,Vidéos personnalisées
cm8ntp71u0028kpz3vsz2l9ng,Wewritecards,https://wewritecards.com,Vidéos personnalisées
cm8ntp72x0029kpz38sqnw8ro,Videoaihug,https://videoaihug.com/,Vidéos personnalisées
cm8ntp73s002akpz3jrw7dhx9,Gensbot,https://gensbot.com,Vidéos personnalisées
cm8ntp74c002bkpz3bcxjsdvg,Hohohello,https://hohohello.co,Vidéos personnalisées
cm8ntp757002ckpz38mvinc48,Magictales,https://www.magictales.app,Vidéos personnalisées
cm8ntp766002dkpz3znoyvfbg,Folktalk,https://www.folktalk.in,Vidéos personnalisées
cm8ntp774002ekpz3lcl2hu3r,Dopplio,https://dopplio.com/,Vidéos personnalisées
cm8ntp77r002fkpz32q9foqk0,Ryan app,https://ryan-app.com,Vidéos personnalisées
cm8ntp78v002gkpz3ltsjznyp,Loudfame,https://www.loudfame.com/,Vidéos personnalisées
cm8ntp79l002hkpz36zmn8et8,Micuentodigital,https://micuentodigital.es,Vidéos personnalisées
cm8ntp7ac002ikpz3v6m7zfaw,Google,https://chrome.google.com/webstore/detail/simagizer-openai-chatgpt/bnkkpnfdgdmaabafmhkmkgmhffdopnij,Vidéos personnalisées
cm8ntp7b5002jkpz3p383hcyo,Chapterme,https://chapterme.co/,Texte-en-vidéo
cm8ntp7bs002kkpz3ukl7xldr,Neuralactors,https://neuralactors.com/,Génération de vidéo
cm8ntp7cs002lkpz3trogzjbf,Runwayml,https://experiments.runwayml.com/generative_engine/,Génération de vidéo
cm8ntp7du002mkpz3bune4i1g,Yourownstorybook,https://www.yourownstorybook.com/,Texte-en-vidéo
cm8ntp7f2002nkpz3e4tda1ka,Incorrectquotegenerator,https://www.incorrectquotegenerator.com,Vidéos personnalisées
cm8ntp7gt002okpz3mguowx55,Steve,https://www.steve.ai/,Texte-en-vidéo
cm8ntp7hj002pkpz3e5t9bxpy,Typeframes,https://www.typeframes.ai,Génération de vidéo
cm8ntp7ia002qkpz35qhjcra1,Subtitledog,https://www.subtitledog.com,Texte-en-vidéo
cm8ntp7ix002rkpz3p9du50qv,Stunnvideo,https://www.stunnvideo.com/,Texte-en-vidéo
cm8ntp7jo002skpz3fq12oyaj,Yuanbaopower,https://yuanbaopower.com,Texte-en-vidéo
cm8ntp7kh002tkpz3j4os3tyf,Vidu studio,https://www.vidu-studio.net,Génération de vidéo
cm8ntp7l7002ukpz321541u3t,Texsandbox,https://www.texsandbox.com/,Texte-en-vidéo
cm8ntp7nc002vkpz3b5ksokug,Caphacker,https://caphacker.com/,Texte-en-vidéo
cm8ntp7on002wkpz353he8ybh,Turbolens,https://www.turbolens.io,Texte-en-vidéo
cm8ntp7pc002xkpz3svldcf7e,Subsbee,https://subsbee.com,Texte-en-vidéo
cm8ntp7q1002ykpz374x68uaq,Skribr,https://www.skribr.com,Texte-en-vidéo
cm8ntp7qo002zkpz3ibfb2y6e,Apple,https://apps.apple.com/us/app/summarypdf-ai-pdf-summary/id6589522614,Génération de vidéo
cm8ntp7rm0030kpz3pjkweyvi,Supadoc,https://www.supadoc.ai/,Texte-en-vidéo
cm8ntp7t60031kpz37tmxdidn,Emojitell,https://emojitell.com,Texte-en-vidéo
cm8ntp7tw0032kpz3okegdcys,Lastworkingday,https://lastworkingday.co/,Texte-en-vidéo
cm8ntp7uj0033kpz3dixi6awq,Dubtitles,https://dubtitles.io,Texte-en-vidéo
cm8ntp7v70034kpz3qkzdumbv,Captioncreator,https://captioncreator.cc,Texte-en-vidéo
cm8ntp7vx0035kpz38fagdvft,Macbeth,https://macbeth.ai,Texte-en-vidéo
cm8ntp7x50036kpz3gbpx3k7l,Minimemo,https://www.minimemo.io,Texte-en-vidéo
cm8ntp7xv0037kpz3lr7qjfgs,Kuaishou,https://kling.kuaishou.com/en,Texte-en-vidéo
cm8ntp7yw0038kpz3nwf2u5vp,Replace anything,https://www.replace-anything.fun,Texte-en-vidéo
cm8ntp7zm0039kpz33kqgr6k6,Critiqs,https://critiqs.ai,Texte-en-vidéo
cm8ntp80c003akpz3zsjrwn1h,Toollab,https://www.toollab.ai,Texte-en-vidéo
cm8ntp810003bkpz3e3rls9xi,Flickify,https://flickify.com,Texte-en-vidéo
cm8ntp81s003ckpz30vhr5iy2,Selfgpt,https://selfgpt.io/,Texte-en-vidéo
cm8ntp82i003dkpz3lfc0ph19,Ai utilities,https://www.ai-utilities.in,Texte-en-vidéo
cm8ntp830003ekpz3mausb7v2,Voxpad,https://voxpad.net,Texte-en-vidéo
cm8ntp83z003fkpz3spy3fzmc,Chunker,https://chunker.ai,Texte-en-vidéo
cm8ntp852003gkpz3h9e67lot,Getsearchablepdf,https://getsearchablepdf.com,Texte-en-vidéo
cm8ntp85u003hkpz3y0ts3l5t,Videosubtitles,https://videosubtitles.io,Texte-en-vidéo
cm8ntp86w003ikpz3b1tisz5l,Shortsgenerator,https://www.shortsgenerator.com,Génération de vidéo
cm8ntp87o003jkpz3ilmlwk0e,Texttovideo,https://www.texttovideo.bot,Texte-en-vidéo
cm8ntp88h003kkpz3ab2jfhx8,2d,https://2d.app,Texte-en-vidéo
cm8ntp89b003lkpz3febzis2v,Shortgen,https://shortgen.video,Texte-en-vidéo
cm8ntp8aa003mkpz3f566oy9o,Narrai,https://narrai.app,Texte-en-vidéo
cm8ntp8b3003nkpz3zp4fufwb,Promptsora,https://promptsora.com,Texte-en-vidéo
cm8ntp8c9003okpz3396cvzev,Cliplama,https://cliplama.com,Texte-en-vidéo
cm8ntp8d2003pkpz3krh5so04,Videofa,https://videofa.st,Texte-en-vidéo
cm8ntp8ds003qkpz3z9q8hy4l,Youtubetranscriptoptimizer,https://youtubetranscriptoptimizer.com/,Texte-en-vidéo
cm8ntp8eo003rkpz30f3blpbv,Docuquote,https://www.docuquote.io/,Texte-en-vidéo
cm8ntp8fm003skpz37s3qcywi,Reemix,https://reemix.co,Texte-en-vidéo
cm8ntp8gk003tkpz3bvqcedr9,Adorilabs,https://www.adorilabs.com,Texte-en-vidéo
cm8ntp8hq003ukpz3atto9oh6,Jimeng ai,https://jimeng-ai.org,Texte-en-vidéo
cm8ntp8il003vkpz3d7i2c72y,Neverends,https://neverends.life,Texte-en-vidéo
cm8ntp8jk003wkpz3towyu2s0,Sentencecounter,https://sentencecounter.co,Texte-en-vidéo
cm8ntp8kc003xkpz3by596yva,Lipvideo,https://app.lipvideo.com,Texte-en-vidéo
cm8ntp8kw003ykpz3slhw67op,Neiro,https://studio.neiro.ai,Texte-en-vidéo
cm8ntp8ll003zkpz3pnlxkw2f,Renderfit,https://renderfit.com,Texte-en-vidéo
cm8ntp8mi0040kpz3n2n2wxis,Inksprout,https://inksprout.co/,Texte-en-vidéo
cm8ntp8o20041kpz392jr023s,Vercel,https://mindmapai.vercel.app/,Génération de vidéo
cm8ntp8pj0042kpz325vnwex5,Videoticle,https://www.videoticle.com/,Texte-en-vidéo
cm8ntp8qi0043kpz3j8q4ue6b,Storykit,https://storykit.io,Texte-en-vidéo
cm8ntp8s70044kpz3t2t07peq,Commentsanalytics,https://commentsanalytics.com,Texte-en-vidéo
cm8ntp8ta0045kpz3yrga67x4,Hixx,https://www.hixx.ai,Texte-en-vidéo
cm8ntp8u80046kpz3p0rxzuue,Emojibu,https://emojibu.com,Texte-en-vidéo
cm8ntp8uw0047kpz3a10ujv5a,Chatpdf,https://www.chatpdf.ae,Texte-en-vidéo
cm8ntp8vv0048kpz3ygc8dyp8,Shortmagic,https://shortmagic.pro/,Texte-en-vidéo
cm8ntp8wo0049kpz3tiqq0576,Unicodetokruti,https://www.unicodetokruti.com,Texte-en-vidéo
cm8ntp8xt004akpz3dzqc6kql,Streamslide,https://streamslide.io/,Texte-en-vidéo
cm8ntp8yn004bkpz35lf4alhv,KlingAi,https://www.KlingAi.Video,Texte-en-vidéo
cm8ntp8zu004ckpz31qgyu6xl,Morsetranslator,https://www.morsetranslator.com,Texte-en-vidéo
cm8ntp90z004dkpz3zvb4ria3,Summarize,https://summarize.ing,Texte-en-vidéo
cm8ntp91y004ekpz3hxvf4jx6,Copycat,https://copycat.actor,Texte-en-vidéo
cm8ntp92m004fkpz3kn4zspuc,Casesconvert,https://casesconvert.com,Texte-en-vidéo
cm8ntp939004gkpz3py13pbnc,Splitprompt,https://splitprompt.com,Texte-en-vidéo
cm8ntp943004hkpz3ntmexw8y,Chatgpttextformatter,https://chatgpttextformatter.com,Texte-en-vidéo
cm8ntp94z004ikpz3ofnh45vk,Brainydocuments,https://brainydocuments.com/,Texte-en-vidéo
cm8ntp963004jkpz3bi1pcr65,Webspellchecker,https://webspellchecker.com,Texte-en-vidéo
cm8ntp973004kkpz3zqg84n7g,Dream machine,https://dream-machine.pro,Texte-en-vidéo
cm8ntp97o004lkpz3e8icly4a,Aivideo,https://aivideo.com,Génération de vidéo
cm8ntp98b004mkpz31mz0s2iq,Soradesign,https://www.soradesign.top,Texte-en-vidéo
cm8ntp996004nkpz3vw5t6fj9,Spaceshub,https://spaceshub.live,Texte-en-vidéo
cm8ntp9a6004okpz325lvtzin,Prompt,https://prompt.studio/,Texte-en-vidéo
cm8ntp9b4004pkpz3jgkyukis,Reelerai,https://reelerai.com,Texte-en-vidéo
cm8ntp9bu004qkpz3ttkjjpc9,Slidestovideos,https://slidestovideos.com/,Texte-en-vidéo
cm8ntp9cu004rkpz3tqprgff4,Gptsplitter,https://www.gptsplitter.xyz,Texte-en-vidéo
cm8ntp9e1004skpz3fo215joy,Youblogify,https://youblogify.com,Texte-en-vidéo
cm8ntp9ew004tkpz3646fn1px,Pptalker,https://www.pptalker.com,Texte-en-vidéo
cm8ntp9fm004ukpz3qvt9izgh,Viralvideo,https://viralvideo.app,Texte-en-vidéo
cm8ntp9gw004vkpz3e80jjx4o,Pdftobrainrot,https://pdftobrainrot.me,Texte-en-vidéo
cm8ntp9i8004wkpz35xbliij1,Olocr,https://olocr.com,Texte-en-vidéo
cm8ntp9jb004xkpz38aoyf701,Shortystudio,https://shortystudio.com,Texte-en-vidéo
cm8ntp9mi004ykpz3yeserywf,Texttoflowchart,https://texttoflowchart.com,Texte-en-vidéo
cm8ntp9nm004zkpz3haclcai2,Pdflatex,https://pdflatex.com,Texte-en-vidéo
cm8ntp9om0050kpz3i1ndaol5,Aicut,https://www.aicut.pro/,Texte-en-vidéo
cm8ntp9pr0051kpz31kbcleem,Chatgptsora,https://chatgptsora.co,Texte-en-vidéo
cm8ntp9qh0052kpz3dpcrvlcn,Cloudnein,https://cloudnein.cloud,Texte-en-vidéo
cm8ntp9rc0053kpz31u1rgorj,Headcanongenerator,https://headcanongenerator.xyz,Outils vidéo
cm8ntp9sd0054kpz3n2unccpp,Zeemo,https://zeemo.ai/zmapp/,Édition vidéo
cm8ntp9td0055kpz3b7h83f8s,Typestudio,https://www.typestudio.co/tool/video-to-text/,Édition vidéo
cm8ntp9u50056kpz3eevmvt1j,Fineshare,https://www.fineshare.com/finecam/,Outils vidéo
cm8ntp9un0057kpz3wg9l9abm,Checksub,https://checksub.com,Outils vidéo
cm8ntp9v90058kpz3ikdzy6wx,Claap,https://claap.io,Outils vidéo
cm8ntp9wa0059kpz33qeh6wlv,Storyboardhero,https://storyboardhero.ai/,Outils vidéo
cm8ntp9x2005akpz3vkrrxlga,Veedo,https://veedo.ai,Outils vidéo
cm8ntp9xx005bkpz33jsmfmlc,Kuasarvideo,https://kuasarvideo.com/,Outils vidéo
cm8ntpa03005ckpz3kqzsf08d,Summarify,https://summarify.app,Outils vidéo
cm8ntpa18005dkpz3f2xfs6uv,Braiv,https://www.braiv.co,Outils vidéo
cm8ntpa22005ekpz3u8vg85z0,Bytecap,https://www.bytecap.io/,Outils vidéo
cm8ntpa2w005fkpz3a1wtx6ir,Vidchapter,https://vidchapter.com,Outils vidéo
cm8ntpa41005gkpz3661hpaur,Tubeiq,https://tubeiq.site,Outils vidéo
cm8ntpa4w005hkpz35cd8xre4,Quicksight,https://quicksight.ai,Outils vidéo
cm8ntpa6j005ikpz3jeyn2ah4,Clevertrendai,https://clevertrendai.com/,Outils vidéo
cm8ntpa7b005jkpz3jyiy13j8,Vidmonials,https://www.vidmonials.com,Outils vidéo
cm8ntpa8b005kkpz32kp8hqpy,Captiwiz,https://captiwiz.com,Outils vidéo
cm8ntpa92005lkpz3quv43hl7,Clixie,https://www.clixie.ai,Outils vidéo
cm8ntpa9q005mkpz31ptqazsz,Asyncinterview,https://www.asyncinterview.ai,Outils vidéo
cm8ntpaae005nkpz3q2jhtaim,Imaginario,https://imaginario.ai,Outils vidéo
cm8ntpab9005okpz3x37oiga5,Upscalemy,https://www.upscalemy.video/,Outils vidéo
cm8ntpac5005pkpz3m2l5zf5x,Nuro,https://nuro.video/en/,Outils vidéo
cm8ntpacw005qkpz3j0txvlu7,Sanchay,https://sanchay.ai,Outils vidéo
cm8ntpae4005rkpz38q1a92ew,Bigvu,https://desk.bigvu.tv,Outils vidéo
cm8ntpaf1005skpz32qnyxoy1,Parmonic,https://parmonic.com,Outils vidéo
cm8ntpag1005tkpz3gzr7l8oo,Storytagger,https://www.storytagger.com,Édition vidéo
cm8ntpah5005ukpz3xpttegl3,Bravoclip,https://bravoclip.com/,Édition vidéo
cm8ntpaia005vkpz3lw8fwoee,Vidio,https://www.vidio.ai/tools/ai-video-editor,Édition vidéo
cm8ntpakt005wkpz358agc0eo,Wave,https://wave.video/,Édition vidéo
cm8ntpalz005xkpz3cntdl85q,Vverse,https://vverse.ai,Édition vidéo
cm8ntpamz005ykpz3j5vfp49c,Gemoo,https://gemoo.com/focusee,Édition vidéo
cm8ntparw005zkpz3l2nfmytb,Capcut,https://capcut.com,Édition vidéo
cm8ntpawq0060kpz3l8gvxohy,Vmake,https://vmake.ai/video-enhancer,Édition vidéo
cm8ntpaxj0061kpz32eneypbw,Banva,https://banva.io,Édition vidéo
cm8ntpayr0062kpz3oo9w9qwr,Kapwing,https://kapwing.com,Édition vidéo
cm8ntpazm0063kpz32kw4soki,Sendshort,https://sendshort.ai,Édition vidéo
cm8ntpb0k0064kpz39a3od3xl,Cyclips,https://cyclips.com,Édition vidéo
cm8ntpb1a0065kpz3zp3c01na,Trimmr,https://www.trimmr.ai/app,Édition vidéo
cm8ntpb240066kpz3q082d4rh,Storyy,https://storyy.co,Édition vidéo
cm8ntpb2s0067kpz3atvdvtom,Vmaker,https://www.vmaker.com/ai-video-editor,Édition vidéo
cm8ntpb3p0068kpz3qf41zs3a,Videoeditorai,https://videoeditorai.com/,Édition vidéo
cm8ntpb4j0069kpz3d0vsgo0l,Livearena,https://livearena.com,Édition vidéo
cm8ntpb5q006akpz3ha3rh4f4,Lipsyncer,https://lipsyncer.ai,Édition vidéo
cm8ntpb6w006bkpz3i0ipceh1,Subcapgenie,https://subcapgenie.com,Édition vidéo
cm8ntpb82006ckpz3psjftaqb,Apowersoft,https://apowersoft.com,Édition vidéo
cm8ntpb8r006dkpz3pvax47rk,Zapclip,https://www.zapclip.com/,Édition vidéo
cm8ntpb9i006ekpz3xbeffs0c,Meetaugie,https://meetaugie.com,Édition vidéo
cm8ntpbaa006fkpz3dfomgumb,Topview,https://www.topview.ai,Édition vidéo
cm8ntpbb2006gkpz3yrjjx8xo,Vocut,https://www.vocut.com,Édition vidéo
cm8ntpbbu006hkpz3tvpauuno,Animoto,https://animoto.com/,Édition vidéo
cm8ntpbdi006ikpz3pd0l4qr0,Subtitleo,https://subtitleo.com,Édition vidéo
cm8ntpbef006jkpz3yobwyn2x,Dubs,https://dubs.io/,Édition vidéo
cm8ntpbf5006kkpz3zhe3dtwm,PrismClips,https://www.PrismClips.com,Édition vidéo
cm8ntpbfx006lkpz343hvunse,Snapcut,https://snapcut.ai,Édition vidéo
cm8ntpbgj006mkpz36h1mhk1j,Detail,https://detail.co,Édition vidéo
cm8ntpbh9006nkpz37kaiqy9n,Slick,https://slick.is,Édition vidéo
cm8ntpbhw006okpz3ao73ecmv,Obiklip,https://obiklip.com,Édition vidéo
cm8ntpbin006pkpz38z9b1r9d,Clipzap,https://www.clipzap.ai,Édition vidéo
cm8ntpbjk006qkpz32ggekop8,Ssemble,https://www.ssemble.com,Édition vidéo
cm8ntpbkh006rkpz33lqjebc7,Cococlip,https://cococlip.ai,Édition vidéo
cm8ntpbl5006skpz38jqv3rir,Vivu,https://www.vivu.ai/,Édition vidéo
cm8ntpbls006tkpz3sp4swtj8,Chillin,https://chillin.online,Édition vidéo
cm8ntpbmg006ukpz3tbygpp9q,Rizzle,https://rizzle.com,Édition vidéo
cm8ntpbn3006vkpz3uuljee2b,Magicroll,https://magicroll.ai/,Édition vidéo
cm8ntpbo1006wkpz3we4dbdo8,Autocaption,https://autocaption.io,Édition vidéo
cm8ntpbp0006xkpz3bc4iv4re,Aivideocut,https://aivideocut.com/,Édition vidéo
cm8ntpbq1006ykpz3rpom87gp,Livelink,https://livelink.vip,Édition vidéo
cm8ntpbqz006zkpz3kg4rq7d9,Getjumper,https://getjumper.io,Édition vidéo
cm8ntpbs40070kpz3kfk0s9t8,Kwikmotion,https://www.kwikmotion.com/ai-cropping/en,Édition vidéo
cm8ntpbss0071kpz3ho15efwx,Videostew,https://videostew.com/,Édition vidéo
cm8ntpbth0072kpz3mh24kpep,Imobie,https://www.imobie.com/anyenhancer/,Édition vidéo
cm8ntpbu60073kpz3h9wxztb1,Pixop,https://www.pixop.com/,Édition vidéo
cm8ntpbuw0074kpz378n7y0r4,Bith,https://bith.ai,Édition vidéo
cm8ntpbvp0075kpz356hqjfgk,Removebackgroundsai,https://www.removebackgroundsai.com,Édition vidéo
cm8ntpbwi0076kpz34l7iesze,Smartrazor,https://smartrazor.ai,Édition vidéo
cm8ntpbxo0077kpz3plnvh5f1,Unifab,https://unifab.ai,Édition vidéo
cm8ntpbyi0078kpz3oeij78yy,Edit videos online,https://edit-videos-online.com,Édition vidéo
cm8ntpbzc0079kpz37ij2f9y3,Wearenova,https://wearenova.ai,Édition vidéo
cm8ntpbzy007akpz3jimdz0ru,Subtitlebee,https://subtitlebee.com,Édition vidéo
cm8ntpc0g007bkpz3z3fkorre,Foreffect,https://foreffect.ai,Édition vidéo
cm8ntpc10007ckpz3hhubud06,Videoplus,https://videoplus.studio,Édition vidéo
cm8ntpc20007dkpz3m4m8ysg3,Inshot,https://inshot.com/,Édition vidéo
cm8ntpc35007ekpz3qpzlviy3,Editair,https://www.editair.app/,Édition vidéo
cm8ntpc3z007fkpz30itbfn6m,Ultraswap,https://app.ultraswap.ai/,Édition vidéo
cm8ntpc4v007gkpz3du0ify9k,Magnifi,https://magnifi.ai,Édition vidéo
cm8ntpc5j007hkpz37o7npmfy,Wrpup,https://wrpup.com/,Édition vidéo
cm8ntpc6b007ikpz3y5pfr61j,Avclabs,https://www.avclabs.com/video-enhancer-ai.html,Édition vidéo
cm8ntpc6u007jkpz3qsv3cjxu,Movavi,https://www.movavi.com/,Édition vidéo
cm8ntpc7g007kkpz3e30dvcqk,Editonthespot,https://editonthespot.com,Édition vidéo
cm8ntpc96007lkpz3zovlt5zn,Upscaler,https://free.upscaler.video/,Édition vidéo
cm8ntpca9007mkpz3c369avxs,Zubtitle,https://zubtitle.com,Édition vidéo
cm8ntpcbh007nkpz3ea7xk48a,Aisaver,https://aisaver.io/face-swap-video,Édition vidéo
cm8ntpcdd007okpz3gyi5amh3,Videofaceswap,https://videofaceswap.io/,Édition vidéo
cm8ntpcf2007pkpz3tvktv382,Milliondollaredit,https://www.milliondollaredit.com,Édition vidéo
cm8ntpcg2007qkpz30f6o4mbr,Bigroom,http://www.bigroom.tv,Édition vidéo
cm8ntpch1007rkpz345hltk6z,Voicechanger,https://voicechanger.im/,Édition vidéo
cm8ntpciu007skpz3f1234hm8,Yuzzit,https://yuzzit.video,Édition vidéo
cm8ntpckb007tkpz3no2s5hk6,Fastcutai,https://fastcutai.co,Édition vidéo
cm8ntpclj007ukpz346z50tmt,Aifaceswapper,https://aifaceswapper.io/video-face-swap,Édition vidéo
cm8ntpco2007vkpz3p3kxx5ve,Snapy,https://snapy.ai,Édition vidéo
cm8ntpcp9007wkpz300rtof1o,Autoeditor,https://autoeditor.video/,Édition vidéo
cm8ntpcq2007xkpz37ru3et08,Vozo,https://www.vozo.ai,Édition vidéo
cm8ntpcqs007ykpz3arqwpy2m,Tellers,https://tellers.ai,Édition vidéo
cm8ntpcrw007zkpz3l6j3y2m8,Mobbydownload,https://www.mobbydownload.com,Édition vidéo
cm8ntpcsq0080kpz3qpdo4p3y,Winkmody,https://winkmody.com,Édition vidéo
cm8ntpcue0081kpz3sbmzul07,Subtitles,https://subtitles.love,Édition vidéo
cm8ntpcv80082kpz3jcxe570i,Kamua,https://kamua.com/,Génération de vidéo
cm8ntpcvz0083kpz3z7fzyg34,Smilimedia,https://www.smilimedia.com,Génération de vidéo
cm8ntpcwt0084kpz37w0sd6fu,Smartedit,https://smartedit.co,Génération de vidéo
cm8ntpcxi0085kpz3gffwgxom,Jollytoday,https://ghostcut.jollytoday.com,Génération de vidéo
cm8ntpcz70086kpz3iilk120u,Malloy,https://malloy.sg,Génération de vidéo
cm8ntpd020087kpz33p5p8rfs,Minvo,https://minvo.pro,Génération de vidéo
cm8ntpd110088kpz3hcxhbi06,Fluxvid,https://www.fluxvid.com,Génération de vidéo
cm8ntpd1z0089kpz3s652dsb6,Videolulu,https://videolulu.com,Génération de vidéo
cm8ntpd2t008akpz31oia6brr,Pixverse,https://pixverse.ai/,Génération de vidéo
cm8ntpd3h008bkpz3cjxb21yr,Creatoorai,https://creatoorai.com,Génération de vidéo
cm8ntpd45008ckpz3ofby4nn4,Soravideo,https://soravideo.ai,Génération de vidéo
cm8ntpd50008dkpz3hz3st445,X me,https://x-me.ai,Génération de vidéo
cm8ntpd5x008ekpz30zxozn32,2vid,https://www.2vid.ai,Génération de vidéo
cm8ntpd6u008fkpz3t21twjsc,Cand,https://sora.cand.top,Génération de vidéo
cm8ntpd7n008gkpz32gej1og3,Vidmax,https://www.vidmax.ai,Génération de vidéo
cm8ntpd8s008hkpz3weoo02la,Uwu,https://filmforge.uwu.ai/,Génération de vidéo
cm8ntpd9t008ikpz39liyomxi,Freepik,https://www.freepik.com/ai/video-generator,Génération de vidéo
cm8ntpdai008jkpz37z0a3dgz,Vance,https://vance.ai/,Génération de vidéo
cm8ntpdb8008kkpz3dtpy5sns,Deevid,https://deevid.ai,Génération de vidéo
cm8ntpdbx008lkpz3k8yao4v6,Videostudioai,https://videostudioai.ai/,Génération de vidéo
cm8ntpdcu008mkpz3xpsiuegy,Trendvideo,https://trendvideo.ai/,Génération de vidéo
cm8ntpddn008nkpz3pw4p49vg,Fastshorts,https://fastshorts.app,Génération de vidéo
cm8ntpded008okpz3i9kd3grv,Veggieai,https://veggieai.net,Génération de vidéo
cm8ntpdfh008pkpz3kdt7ua0l,Videotube,https://videotube.ai/,Génération de vidéo
cm8ntpdg6008qkpz3z37sj66e,Autopilotshorts,https://autopilotshorts.com,Génération de vidéo
cm8ntpdgy008rkpz3fl9x9suo,Freebeat,https://freebeat.ai,Génération de vidéo
cm8ntpdhu008skpz3sjlgsqjx,Shortsbot,https://shortsbot.app,Génération de vidéo
cm8ntpdie008tkpz3mvllpxkx,Shortspilot,https://shortspilot.ai,Génération de vidéo
cm8ntpdj4008ukpz3h9tze7hm,Shortmake,https://app.shortmake.com,Génération de vidéo
cm8ntpdjz008vkpz3bko20tuy,Submagic,https://submagic.co,Génération de vidéo
cm8ntpdkx008wkpz3csq7g7ky,Imgtovideoai,https://imgtovideoai.com/,Génération de vidéo
cm8ntpdm1008xkpz3e1xlgcge,Pixaivideo,https://www.pixaivideo.com,Génération de vidéo
cm8ntpdn9008ykpz3q9np3lej,Aihugging,https://aihugging.ai/,Génération de vidéo
cm8ntpdqr008zkpz321zol1uk,AutomateClips,https://www.AutomateClips.com,Génération de vidéo
cm8ntpdu90090kpz3kydlseip,Ubique,https://ubique.live,Génération de vidéo
cm8ntpdy10091kpz3l21lc9ef,Deepdreamgenerator,https://deepdreamgenerator.com/,Génération de vidéo
cm8ntpe0a0092kpz3e0k0m39j,Reel,https://reel.studio/,Génération de vidéo
cm8ntpe2j0093kpz3xt6q4xu9,Animatediff,https://www.animatediff.org/,Génération de vidéo
cm8ntpe3y0094kpz3must1umw,Clippanda,https://www.clippanda.com,Génération de vidéo
cm8ntpe650095kpz3n56zkll4,Oneclik,https://www.oneclik.ai/,Génération de vidéo
cm8ntpe7p0096kpz3e07e4fil,10levelup,https://10levelup.com,Génération de vidéo
cm8ntpe970097kpz3gz8l8yhi,Aireelgenerator,https://aireelgenerator.com,Génération de vidéo
cm8ntpea10098kpz3owros2pt,Muku,https://muku.ai,Génération de vidéo
cm8ntpeb20099kpz397f9o8wx,Roll,https://roll.ai,Génération de vidéo
cm8ntpebr009akpz3hg6mn65w,Listnr,https://studio.listnr.ai/,Génération de vidéo
cm8ntpeck009bkpz30z1im6t8,Visionstory,https://www.visionstory.ai,Génération de vidéo
cm8ntped7009ckpz3jkw1533s,Lazyanimator,https://www.lazyanimator.ai,Génération de vidéo
cm8ntpedw009dkpz3569hgxmw,Cliptalk,https://www.cliptalk.pro/,Génération de vidéo
cm8ntpef0009ekpz3f9di0t60,Videoai,https://www.videoai.work,Génération de vidéo
cm8ntpeg9009fkpz3kar5s41j,Ezvideos,https://www.ezvideos.pro,Génération de vidéo
cm8ntpehr009gkpz34o45zuka,Snapvid,https://snapvid.ai,Génération de vidéo
cm8ntpeig009hkpz32utg0nse,Viewlocity,https://viewlocity.xyz/,Génération de vidéo
cm8ntpej8009ikpz3hpy5itam,Clip craft,https://clip-craft.com,Génération de vidéo
cm8ntpejw009jkpz39rnwldlo,Minimax ai,https://minimax-ai.org/,Génération de vidéo
cm8ntpeks009kkpz30lglqd0a,Nullface,https://nullface.ai,Génération de vidéo
cm8ntpelk009lkpz3paidvxo0,Vtopia,https://www.vtopia.ai/en-US,Génération de vidéo
cm8ntpemq009mkpz3jh0322me,Clipstudio,https://www.clipstudio.ai/,Génération de vidéo
cm8ntpeop009nkpz3cb8bmvo3,Eggnog,https://www.eggnog.ai/,Génération de vidéo
cm8ntpeqa009okpz33pa8iqdt,Videomylisting,https://www.videomylisting.com,Génération de vidéo
cm8ntper3009pkpz3hv100eys,Directin,https://directin.ai,Génération de vidéo
cm8ntperx009qkpz3vp040z8y,Viggleai,https://viggleai.io,Génération de vidéo
cm8ntpet3009rkpz3us5zqi0i,Quickvideo,https://quickvideo.ai,Génération de vidéo
cm8ntpetw009skpz3b7j4d5lu,Deepreel,https://deepreel.com,Génération de vidéo
cm8ntpev0009tkpz3nqxfk92l,Shortsfaceless,https://www.shortsfaceless.com,Génération de vidéo
cm8ntpevo009ukpz3n1piebfu,Autoshorts,https://autoshorts.ai/?ref=topaitools,Génération de vidéo
cm8ntpewt009vkpz3jjgb70nu,Explainium,https://www.explainium.com/,Génération de vidéo
cm8ntpf0i009wkpz3mev6dtht,Reelcraft,https://reelcraft.ai/,Génération de vidéo
cm8ntpf2b009xkpz3w0pm7fij,Adsdog,https://adsdog.ai/,Génération de vidéo
cm8ntpf39009ykpz37t8dg2u3,Vidifyapp,https://www.vidifyapp.com/,Génération de vidéo
cm8ntpf4a009zkpz3mgaks4za,Vidnarrate,https://www.vidnarrate.com,Génération de vidéo
cm8ntpf5200a0kpz3xy2qeltn,Algo,https://algo.tv,Génération de vidéo
cm8ntpf5z00a1kpz38xbwh1fr,Getselfiepov,https://www.getselfiepov.com/,Génération de vidéo
cm8ntpf7p00a2kpz3ce5vb87m,Viscap,https://viscap.ai,Génération de vidéo
cm8ntpf9m00a3kpz3dmc5t8jc,Jupitrr,https://jupitrr.com?affiliate=hLGCs2W0Xn7x,Génération de vidéo
cm8ntpfbp00a4kpz3yvuwo57r,Lude,https://beta.lude.page/,Génération de vidéo
cm8ntpfcx00a5kpz3jsoohwk1,Pixellot,https://pixellot.tv,Génération de vidéo
cm8ntpfdr00a6kpz3me3qymq4,Plainlyvideos,https://www.plainlyvideos.com,Génération de vidéo
cm8ntpfeq00a7kpz3ktrjm7nk,Stablevideo,https://stablevideo.work,Génération de vidéo
cm8ntpffq00a8kpz36tzm3up2,Pipio,https://pipio.ai?via=topai,Génération de vidéo
cm8ntpfgn00a9kpz3c5f84pak,Typpo,https://typpo.app/,Génération de vidéo
cm8ntpfhn00aakpz31ec2gvfq,Latercut,https://latercut.com,Génération de vidéo
cm8ntpfjm00abkpz3fo6bysbg,Instavidai,https://instavidai.app/,Génération de vidéo
cm8ntpfkr00ackpz3urqien0r,Flickifyai,https://www.flickifyai.com,Génération de vidéo
cm8ntpfll00adkpz3aaqo1czl,Viralbot,https://www.viralbot.app,Génération de vidéo
cm8ntpfmc00aekpz35owmzlk0,Jetsnaps,https://jetsnaps.com,Génération de vidéo
cm8ntpfn300afkpz3dbo6fbkm,Echowave,https://echowave.io/,Génération de vidéo
cm8ntpfo500agkpz3h05z94j2,Shortscripter,https://www.shortscripter.com,Génération de vidéo
cm8ntpfop00ahkpz307idowtx,Fliz,https://fliz.ai?via=topai,Génération de vidéo
cm8ntpfpt00aikpz37p3pv26n,Motionnx,https://motionnx.com,Génération de vidéo
cm8ntpfs000ajkpz3hgn5j0ry,Sorahunters,https://sorahunters.com,Génération de vidéo
cm8ntpft200akkpz3xsirb6u4,Useorange ai,https://www.useorange-ai.com,Génération de vidéo
cm8ntpftx00alkpz3834egvb7,Blitzvideo,https://www.blitzvideo.ai,Génération de vidéo
cm8ntpful00amkpz3bs3tz4ya,Farro,https://www.farro.ai/,Génération de vidéo
cm8ntpfvb00ankpz3pl6itmlq,Infinityflicks,https://Infinityflicks.com,Génération de vidéo
cm8ntpfvy00aokpz3qht6ga39,Videotok,https://www.videotok.app/,Génération de vidéo
cm8ntpfwq00apkpz3nazny6tt,Renderfire,https://renderfire.com/,Génération de vidéo
cm8ntpfxg00aqkpz3ev5h9n93,Kapkap,https://www.kapkap.ai/,Génération de vidéo
cm8ntpfyh00arkpz38987ab1i,Shortvideosapp,https://shortvideosapp.com,Génération de vidéo
cm8ntpfzo00askpz3wx0rijwe,Showstop,https://showstop.ai,Génération de vidéo
cm8ntpg0x00atkpz3xvaybfgi,Bizboom,https://bizboom.ai/,Génération de vidéo
cm8ntpg2m00aukpz39pmifv06,Videopromptai,https://videopromptai.com,Génération de vidéo
cm8ntpg4m00avkpz3mbngz7kf,Videopal,https://www.videopal.ai/,Génération de vidéo
cm8ntpg5z00awkpz33uu3i17a,Soracreators,https://soracreators.ai,Génération de vidéo
cm8ntpg8300axkpz31lmdw78z,Secto,https://secto.app/,Génération de vidéo
cm8ntpg9t00aykpz3hxvu2vvb,Clip,https://clip.studio/,Génération de vidéo
cm8ntpgcl00azkpz3d2hskg67,Opus,https://www.opus.pro/,Génération de vidéo
cm8ntpgew00b0kpz3zj61lpmg,Captionslab,https://www.captionslab.com,Génération de vidéo
cm8ntpggq00b1kpz30uwpbwq0,Clipmove,https://www.clipmove.com,Génération de vidéo
cm8ntpgi600b2kpz34idzzcnl,Zapcap,https://zapcap.ai,Génération de vidéo
cm8ntpgkl00b3kpz3wrctbqh5,Focalml,https://focalml.com,Génération de vidéo
cm8ntpgml00b4kpz3n9hah5qf,Hugai,https://www.hugai.app/,Génération de vidéo
cm8ntpgq400b5kpz3lv2ty3sg,Hedraai,https://hedraai.org/,Génération de vidéo
cm8ntpgrn00b6kpz3sqpmqztp,Showhype,https://www.showhype.ai,Génération de vidéo
cm8ntpgsw00b7kpz3we4s011m,Crayo,crayo.ai/?ref=topaitools,Génération de vidéo
cm8ntpgti00b8kpz3b2y1mhf6,Aico,https://aico.tv,Génération de vidéo
cm8ntpgun00b9kpz3aewpm3ta,Motionscribe,https://motionscribe.com,Génération de vidéo
cm8ntpgvb00bakpz3ebsz11so,Captr,https://captr.com,Génération de vidéo
cm8ntpgwa00bbkpz3eapyuugk,Aisoratech,https://aisoratech.com,Génération de vidéo
cm8ntpgx200bckpz3l9m538k3,Hailuoai,https://hailuoai.video/,Génération de vidéo
cm8ntpgyi00bdkpz3c7p1bwx9,Lalamu,https://lalamu.studio/demo/,Génération de vidéo
cm8ntpgz700bekpz3ixtxxegv,Wui,https://www.wui.ai/,Génération de vidéo
cm8ntpgzv00bfkpz3ownzqm6f,Aitrailers,https://aitrailers.xyz,Génération de vidéo
cm8ntph0u00bgkpz3fpaamlqy,Renderlion,https://www.renderlion.com,Génération de vidéo
cm8ntph1l00bhkpz3yy800ejf,Motionshift,https://www.motionshift.io/,Génération de vidéo
cm8ntph2c00bikpz33g76vaic,8arc,https://8arc.xyz,Génération de vidéo
cm8ntph3000bjkpz3qosj1wlg,Amplifiles,https://www.amplifiles.ai,Génération de vidéo
cm8ntph4b00bkkpz3s0znzl23,Soraprompting,https://www.soraprompting.com,Génération de vidéo
cm8ntph5b00blkpz36748nz3m,Anyclip,https://anyclip.com,Génération de vidéo
cm8ntph6900bmkpz3o3241elu,Soraflows,https://www.soraflows.com,Génération de vidéo
cm8ntph6v00bnkpz37ugnm3bb,Easyclips,https://easyclips.app,Génération de vidéo
cm8ntph7r00bokpz37k0sxud1,Vidau,https://www.vidau.ai,Génération de vidéo
cm8ntpha900bpkpz3bewmros0,Autoae,https://autoae.online,Génération de vidéo
cm8ntphc300bqkpz3bqbjai93,Klipify,https://klipify.ai,Génération de vidéo
cm8ntphds00brkpz3z8kmpyig,Vmeg,https://www.vmeg.pro/clips-to-videos/,Génération de vidéo
cm8ntphej00bskpz3keq9omey,Vidalgo,https://www.vidalgo.tech,Génération de vidéo
cm8ntphfc00btkpz3qn26mzh6,Pixfun,https://pixfun.ai/,Génération de vidéo
cm8ntphg400bukpz318ks8zgm,Banger,https://banger.show,Génération de vidéo
cm8ntphgw00bvkpz3i86qql67,Soramov,https://www.soramov.com,Génération de vidéo
cm8ntphhs00bwkpz3v0n6tc9b,Videomagic,https://www.videomagic.ai,Génération de vidéo
cm8ntphjd00bxkpz3f9m6m5cx,Motionmate,https://motionmate.co,Génération de vidéo
cm8ntphkf00bykpz30ha0r1cn,Imagemover,https://imagemover.ai/,Génération de vidéo
cm8ntphlc00bzkpz3wn2tnmka,Similarvideo,https://similarvideo.ai/,Génération de vidéo
cm8ntphma00c0kpz3u8j692c0,Carrd,https://lueurai.carrd.co/,Génération de vidéo
cm8ntphmy00c1kpz38hxn571x,Atlabs,https://www.atlabs.ai/,Génération de vidéo
cm8ntphnp00c2kpz3e7dsn9nt,Revid,https://www.revid.ai/,Génération de vidéo
cm8ntphoc00c3kpz34bxda734,Veo2,https://veo2.ai,Génération de vidéo
cm8ntphpb00c4kpz3fmr60o4n,Mybeat,https://mybeat.io,Génération de vidéo
cm8ntphqm00c5kpz3mrhvelu6,Dreammachineai,https://www.dreammachineai.co/,Génération de vidéo
cm8ntphrk00c6kpz3e14yui34,Warpvideo,https://warpvideo.ai/,Génération de vidéo
cm8ntphsb00c7kpz33fsy7n9e,Humanion,https://www.humanion.ai,Génération de vidéo
cm8ntpht100c8kpz310ymaaup,Haiper,https://haiper.ai/,Génération de vidéo
cm8ntphtm00c9kpz3rkjfhs1q,Vadoo,https://www.vadoo.tv/,Génération de vidéo
cm8ntphu500cakpz3altl47o2,Trupeer,https://www.trupeer.ai/,Génération de vidéo
cm8ntphup00cbkpz3plsrj6ci,Stability ai video generater,https://stability-ai-video-generater.com,Génération de vidéo
cm8ntphvl00cckpz3koxvfci7,Noeffort,https://noeffort.ai/,Génération de vidéo
cm8ntphwb00cdkpz3xu4nrxvh,Vidon,https://vidon.ai,Génération de vidéo
cm8ntphxa00cekpz3ox9ac78h,Vmagic,https://www.vmagic.app,Génération de vidéo
cm8ntphxz00cfkpz3c7m4pdb3,Videotapit,https://videotapit.com,Génération de vidéo
cm8ntphym00cgkpz31er2kn4y,Firework,https://firework.com,Génération de vidéo
cm8ntphz700chkpz39egawebn,Magichour,https://magichour.ai,Génération de vidéo
cm8ntphzr00cikpz3hrcor6k0,Gyata,https://vidgenesis.gyata.ai,Génération de vidéo
cm8ntpi0b00cjkpz3ctixtxsq,Klingvideo,https://klingvideo.ai,Génération de vidéo
cm8ntpi1900ckkpz34m7nwtq3,Viggle,https://www.viggle.ai,Génération de vidéo
cm8ntpi1y00clkpz3et30fcn9,Media,https://www.media.io/ai-video-generator.html,Génération de vidéo
cm8ntpi2v00cmkpz35zp28nzy,Festive app,https://www.festive-app.com,Génération de vidéo
cm8ntpi4700cnkpz3xh0de9ew,Vimmerse,https://www.vimmerse.net,Génération de vidéo
cm8ntpi5300cokpz320d5e9tx,Whatmore,https://whatmore.live,Génération de vidéo
cm8ntpi5t00cpkpz362n5k5rl,Lipdub,https://www.lipdub.ai,Génération de vidéo
cm8ntpi6g00cqkpz37tqyyo9g,Recreate,https://recreate.video/,Génération de vidéo
cm8ntpi7000crkpz3enfe0a9i,Stable video diffusion,https://www.stable-video-diffusion.cc,Génération de vidéo
cm8ntpi7s00cskpz3asns3e8x,Supershorts,https://supershorts.app,Génération de vidéo
cm8ntpi8q00ctkpz31yry65x9,Sprello,https://sprello.ai,Génération de vidéo
cm8ntpiay00cukpz3mpbd6abs,Zebracat,https://www.zebracat.ai/,Génération de vidéo
cm8ntpico00cvkpz30tkkfqbd,Lunaai,https://lunaai.video,Génération de vidéo
cm8ntpie000cwkpz30dfe5pxd,Pollo,https://pollo.ai,Génération de vidéo
cm8ntpiet00cxkpz3vz9e5iyf,Boltfoundry,https://boltfoundry.com,Génération de vidéo
cm8ntpigg00cykpz3f5wybopa,Pages,https://etereel.pages.dev,Génération de vidéo
cm8ntpiho00czkpz313n7ag4i,Ihaveadream,https://ihaveadream.ai/,Génération de vidéo
cm8ntpiin00d0kpz3nn8h9i4y,Vidu,https://www.vidu.com/,Génération de vidéo
cm8ntpijl00d1kpz3yi7ii2kx,Veeroll,https://veeroll.com/,Génération de vidéo
cm8ntpil500d2kpz3bswscdsg,Aivideoapi,https://aivideoapi.com,Génération de vidéo
cm8ntpinf00d3kpz3rc8nfa3i,Contentstudioai,https://contentstudioai.com,Génération de vidéo
cm8ntpiow00d4kpz3lbig249b,Flarecut,https://www.flarecut.com/,Génération de vidéo
cm8ntpiqb00d5kpz3j7mycvlv,Autopostsai,https://autopostsai.com,Génération de vidéo
cm8ntpir700d6kpz3kzf1kn3y,Videomaker,https://videomaker.me/,Génération de vidéo
cm8ntpisx00d7kpz3ecz5ruos,Lydo,https://lydo.io,Génération de vidéo
cm8ntpiu100d8kpz3x8n1lv50,Imagineapp,https://imagineapp.co,Génération de vidéo
cm8ntpivu00d9kpz389qw1tot,Cogvideo,https://www.cogvideo.org/,Génération de vidéo
cm8ntpiyg00dakpz3dlyaeyf7,Vivago,https://vivago.ai,Génération de vidéo
cm8ntpj0200dbkpz3uvs42yv7,Videco,https://videco.io/,Génération de vidéo
cm8ntpj0x00dckpz30yel78ng,Automaticshorts,https://automaticshorts.com,Génération de vidéo
cm8ntpj1t00ddkpz3ox2uar1w,Bityclips,https://bityclips.com,Génération de vidéo
cm8ntpj3l00dekpz3r5elnp7r,Consistentai,https://consistentai.video/,Génération de vidéo
cm8ntpj4g00dfkpz3cpvt90vg,Minimaxaivideogenerator,https://minimaxaivideogenerator.org/,Génération de vidéo
cm8ntpj5600dgkpz3yovxmwd5,Vidustudio,https://www.vidustudio.net/,Génération de vidéo
cm8ntpj6z00dhkpz3rh7hjcp0,Vipro,https://vipro.ai/,Génération de vidéo
cm8ntpja100dikpz3ytyke8di,Hunyuanvideoai,https://hunyuanvideoai.com,Génération de vidéo
cm8ntpjct00djkpz352swohxn,Infinity,https://infinity.ai/,Génération de vidéo
cm8ntpjf100dkkpz33si1f89i,Aivideogenerator,https://aivideogenerator.me/,Génération de vidéo
cm8ntpjho00dlkpz3ix98f07g,Vidful,https://vidful.ai/,Génération de vidéo
cm8ntpjjf00dmkpz31pr5u57e,Sorawebui,https://sorawebui.com,Génération de vidéo
cm8ntpjp400dnkpz3zkf3g8sf,Autoreels,https://autoreels.ai,Génération de vidéo
cm8ntpjpr00dokpz3mef2dki2,Captora,https://www.captora.ai,Génération de vidéo
cm8ntpjqy00dpkpz3ky3b2kea,Clipbard,https://clipbard.com/,Génération de vidéo
cm8ntpjru00dqkpz39j6npi9k,Clipgoat,https://www.clipgoat.com/tools/ai-youtube-shorts-maker,Génération de vidéo
cm8ntpjv900drkpz3nfddw8ta,Facelessvideos,https://www.facelessvideos.ai,Génération de vidéo
cm8ntpjxt00dskpz3kwv1zut8,Imagetovideoai,https://imagetovideoai.io/,Génération de vidéo
cm8ntpk0d00dtkpz30dgtithn,Narrify,https://narrify.app,Génération de vidéo
cm8ntpk1g00dukpz3fnf3zaik,Oclipia,https://oclipia.com,Génération de vidéo
cm8ntpk3q00dvkpz3jre1ovcp,Promomix,https://www.promomix.ai,Génération de vidéo
cm8ntpk4i00dwkpz3jnap5lxw,Vizbox,https://vizbox.app,Génération de vidéo
cm8pznlqa000gkp7qbiu6p2rg,AI Motion,https://www.ai-motion.ai,Traitement audio
cm8pznlru000ikp7qeoeinryd,Creator Audio,https://www.creator-audio.ai,Génération d'images
cm8pznlt8000jkp7qbh4yjq7y,Nova Scene,https://www.nova-scene.ai,Effets spéciaux
cm8pznlva000lkp7qdsir9zg5,AI Audio,https://www.ai-audio.ai,Montage automatique
cm8pznlwb000mkp7qtq7j48sx,Auto Audio,https://www.auto-audio.ai,Génération d'images
cm8pznlxc000nkp7q8x3szmtp,Ultra Video,https://www.ultra-video.ai,Génération d'images
cm8pznlyc000okp7qrwdjl5sg,Neural Video,https://www.neural-video.ai,Édition vidéo
cm8pznlze000pkp7qzdkls7e2,Synth Pic,https://www.synth-pic.ai,Édition vidéo
cm8pznm0i000qkp7qkxgv4ooo,Creator Scene,https://www.creator-scene.ai,Effets spéciaux
cm8pznm1l000rkp7qn0xi2lx9,Flux Scene,https://www.flux-scene.ai,Effets spéciaux
cm8pznm2n000skp7qvt3l8int,Deep Frame,https://www.deep-frame.ai,Animation
cm8pznm3m000tkp7que5ljk86,Gen Frame,https://www.gen-frame.ai,Traitement audio
cm8pznm6e000wkp7quzx1rtkq,Synth Scene,https://www.synth-scene.ai,Édition vidéo
cm8pznmea0014kp7qwtdl1f2j,Smart Studio,https://www.smart-studio.ai,Édition vidéo
cm8pznmfd0015kp7qiplrkxuk,Gen Studio,https://www.gen-studio.ai,Montage automatique
cm8pznmgn0016kp7qhc1x5i1w,Smart Sound,https://www.smart-sound.ai,Animation
cm8pznmlg001akp7qrn9db2ny,Pro Image,https://www.pro-image.ai,Animation
cm8pznmmj001bkp7q74yxxcuo,Vision Voice,https://www.vision-voice.ai,Animation
cm8pznmnm001ckp7qlqnos2ak,Auto Image,https://www.auto-image.ai,Édition vidéo
cm8pznmoo001dkp7qmx97q3sr,Ultra Frame,https://www.ultra-frame.ai,Montage automatique
cm8pznmpr001ekp7qnbctr5cl,Synth Media,https://www.synth-media.ai,Montage automatique
cm8pznmrz001gkp7qrzw36z7r,AI Studio,https://www.ai-studio.ai,Animation
cm8pznmsx001hkp7q7lvc43m9,AI Visual,https://www.ai-visual.ai,Édition vidéo
cm8pznmtx001ikp7qm1yc8eao,Flux Video,https://www.flux-video.ai,Montage automatique
